Pass Cmp,Pass Att,Pass Yds,Pass TD,Int,Sk,Rush Att,Rush Yds,Rush TD,FGM,FGA,Def TD,Opp Pass Cmp,Opp Pass Att,Opp Pass Yds,Opp Pass TD,Opp Int,Opp Sk,Opp Rush Att,Opp Rush Yds,Opp Rush TD,Opp FGM,Opp FGA,Opp Def TD
26,45,208,0,1,5,15,46,0,1,1,0,18,30,166,1,0,5,22,47,0,1,1,0
25,38,216,0,1,3,23,127,3,2,3,0,23,39,183,1,1,1,32,166,2,3,4,0
25,38,244,1,3,5,20,102,1,0,0,0,14,24,216,3,0,4,28,123,1,2,2,1
29,54,275,2,1,5,23,112,0,4,4,0,27,45,361,3,0,3,32,116,0,2,2,0
25,32,405,4,0,0,30,89,1,0,0,0,33,48,319,1,0,1,17,151,1,1,1,0
27,33,347,3,1,1,16,81,0,2,2,0,25,34,378,3,0,0,26,113,1,4,4,0
15,32,179,1,2,3,12,21,0,1,1,0,23,26,378,6,0,1,46,265,2,1,1,0
33,46,272,2,2,4,17,73,0,0,0,0,8,10,97,1,0,1,38,172,3,0,0,0
25,37,366,3,0,1,29,99,0,4,4,0,27,47,276,0,1,1,13,32,0,1,1,0
24,37,242,1,2,1,25,128,1,1,1,0,28,41,155,1,0,4,21,68,0,0,1,1
28,39,313,3,0,1,31,123,1,1,1,0,30,44,370,3,0,1,13,28,0,2,2,0
21,27,173,2,0,2,33,203,1,1,3,0,25,34,310,3,1,4,21,125,1,1,1,0
35,51,395,2,0,5,14,34,0,2,3,0,14,20,160,2,0,4,25,72,1,0,0,0
18,27,158,1,1,1,32,98,0,3,4,2,20,36,174,1,3,3,26,121,0,1,1,1
20,30,234,3,1,6,23,180,1,0,0,0,32,43,362,2,1,1,21,148,1,3,4,0
21,31,249,1,0,3,23,95,0,3,4,0,22,26,259,1,0,0,28,98,2,1,1,0
25,51,313,0,0,3,19,39,0,4,4,0,16,25,189,1,0,3,31,100,1,2,3,0
27,43,310,3,3,1,17,57,0,1,2,0,28,48,237,1,2,3,21,49,1,2,2,0
26,42,291,2,1,4,19,25,0,1,2,0,18,26,312,3,1,0,42,259,2,2,3,0
16,27,120,0,0,0,29,153,1,3,3,0,35,50,282,1,1,2,24,90,0,2,2,0
22,30,245,2,2,0,28,94,0,0,1,0,21,36,287,0,1,1,25,137,1,1,3,0
22,34,191,2,0,2,33,144,1,0,0,0,14,32,223,1,2,1,27,198,1,1,2,0
16,29,137,0,0,4,30,126,1,2,2,0,23,33,178,1,0,4,21,103,0,2,2,0
18,39,142,0,4,7,15,42,0,0,0,0,20,28,255,2,0,2,35,124,2,1,2,2
19,30,237,1,0,3,34,151,3,0,0,0,26,45,241,1,2,1,20,129,1,0,1,0
17,28,121,3,1,3,34,167,0,0,0,0,19,28,119,1,0,4,24,124,1,1,2,0
20,34,180,2,1,1,16,81,1,2,2,0,29,35,274,3,0,4,33,151,1,0,1,0
30,44,436,4,0,2,22,31,0,0,0,0,23,38,178,1,2,3,19,129,0,1,1,0
20,35,187,0,1,2,20,57,0,3,3,0,19,28,265,1,0,3,30,115,2,2,2,0
25,40,329,0,0,3,11,20,1,3,3,0,24,37,258,2,0,2,33,182,0,3,3,0
26,30,261,3,1,1,34,213,1,1,1,0,26,37,208,2,0,1,17,47,1,0,0,0
19,35,305,1,1,3,21,70,1,3,3,0,23,31,169,0,0,4,24,93,0,1,1,0
20,30,204,2,0,0,20,88,0,2,2,0,23,40,249,0,0,9,26,91,1,0,0,0
23,36,241,1,1,1,36,175,1,2,3,0,20,36,240,1,2,2,19,66,1,1,1,0
18,36,175,1,1,3,24,95,0,2,2,0,24,38,254,2,2,2,24,90,0,2,3,0
29,34,304,3,1,0,20,93,0,1,1,0,28,37,300,2,0,1,24,79,1,2,2,0
19,26,240,4,0,2,31,173,1,1,1,0,30,43,127,2,2,8,22,121,0,2,2,0
19,32,241,2,1,1,34,235,2,1,2,0,20,41,211,0,0,3,24,72,0,2,3,0
20,29,161,0,1,6,38,149,2,1,1,0,17,29,235,1,0,0,23,77,2,2,3,0
27,37,363,3,0,1,25,140,1,2,2,0,22,43,249,0,0,3,32,203,4,1,1,0
15,21,174,1,0,0,38,211,3,2,2,0,27,34,214,2,1,4,20,88,0,0,1,0
30,45,313,2,1,1,27,68,2,1,1,0,12,22,69,0,1,5,20,36,0,0,0,2
18,32,201,1,0,0,28,86,1,2,3,1,19,36,246,2,0,3,30,127,1,1,1,0
25,34,337,3,0,2,19,39,1,0,1,0,31,46,293,2,0,5,18,73,0,2,2,0
19,27,177,2,0,0,23,88,1,0,0,2,32,50,406,2,0,0,26,108,2,0,0,0
14,27,160,2,1,2,22,79,0,2,2,0,23,32,268,1,2,1,40,168,2,1,1,0
23,36,312,2,0,5,19,72,2,1,1,0,23,37,355,3,1,4,32,144,0,4,5,0
25,31,208,3,1,3,24,90,0,1,2,1,30,43,287,2,3,4,21,69,0,1,2,0
34,53,414,2,1,1,20,77,1,2,2,0,16,27,160,3,0,0,33,176,2,0,0,0
35,53,364,0,0,5,17,58,1,1,2,0,18,27,227,3,0,0,34,138,0,1,1,0
22,44,240,0,4,5,22,135,1,1,2,0,18,39,150,0,1,0,23,74,1,1,1,1
24,33,197,1,0,1,33,72,0,3,3,0,27,36,182,0,0,6,16,40,1,0,0,0
24,46,265,3,1,0,23,81,0,1,2,0,21,31,189,2,0,1,32,188,1,1,1,1
22,32,206,0,1,4,23,115,1,1,3,0,22,28,225,1,0,4,27,115,1,2,2,1
22,38,303,3,1,0,16,68,0,1,1,0,19,33,186,2,0,5,38,269,0,4,4,0
21,34,261,3,0,4,35,186,0,3,3,0,24,42,315,0,0,0,25,123,3,2,3,1
24,34,203,0,0,3,28,94,1,3,3,0,21,34,128,0,1,6,22,136,1,1,2,0
17,24,161,1,1,5,18,72,0,1,3,0,25,31,311,2,0,1,33,79,1,3,3,0
22,33,212,0,1,1,20,45,1,1,1,0,23,30,149,0,1,5,27,117,0,4,4,0
23,31,225,1,2,0,37,164,1,1,1,1,15,28,121,0,4,3,17,55,0,1,1,0
45,68,490,2,3,2,11,28,2,2,2,1,28,41,376,4,1,2,30,88,2,2,2,1
20,31,337,1,1,1,29,193,4,2,2,0,24,34,222,3,2,4,29,173,0,1,1,0
21,37,102,0,1,8,19,73,0,1,1,0,27,31,260,2,0,0,25,66,1,2,2,0
29,49,395,1,1,0,18,82,2,3,4,0,17,23,262,4,0,1,43,167,0,1,2,0
17,31,160,1,0,3,27,285,3,0,2,1,26,44,358,2,0,2,31,149,1,2,2,0
27,38,262,2,0,1,23,108,0,3,3,0,20,32,248,0,0,1,38,266,2,4,5,0
27,44,441,2,3,3,21,122,1,1,3,0,22,34,215,0,0,2,29,120,4,2,2,0
32,46,316,3,1,2,20,57,1,1,1,0,28,33,426,5,0,0,34,166,1,2,2,1
18,29,151,0,1,0,45,180,1,4,4,0,22,39,288,1,0,4,14,36,0,2,2,0
28,36,345,4,1,0,31,112,0,1,1,0,15,27,158,2,0,6,22,94,1,1,1,0
22,27,279,2,0,3,34,211,0,4,4,0,21,38,147,1,1,4,20,64,0,1,1,0
23,32,204,2,1,4,27,109,0,0,0,0,13,22,150,0,0,5,27,102,1,0,4,0
15,26,61,0,2,10,19,67,1,0,1,0,17,29,181,1,0,1,29,84,1,1,1,2
21,31,192,1,1,1,19,77,1,3,3,0,19,28,139,1,3,5,40,138,1,4,4,0
22,30,194,2,2,4,17,42,1,0,0,0,25,32,229,0,0,0,39,169,3,1,1,0
14,20,159,1,1,3,32,191,1,2,3,0,32,48,211,0,2,0,16,35,0,2,3,1
28,43,312,3,1,4,27,130,1,2,2,0,18,27,78,0,1,6,20,145,1,0,0,0
9,24,78,0,2,4,18,102,0,1,1,0,20,29,171,2,0,2,40,275,2,1,4,0
31,41,313,0,1,3,34,114,3,0,1,2,15,31,161,1,3,1,16,52,0,0,0,1
22,37,249,1,3,0,24,157,3,0,0,0,23,33,284,2,0,3,38,170,2,2,2,0
30,36,341,4,0,2,25,103,0,2,2,0,27,37,340,3,0,0,29,102,1,2,2,0
18,28,167,0,1,1,30,103,1,3,3,0,20,34,165,0,3,7,21,39,0,0,0,0
14,29,151,0,1,2,24,75,0,2,2,0,24,36,222,1,0,3,26,104,0,2,2,0
30,42,280,1,2,0,41,192,3,1,2,0,19,35,256,3,1,1,11,53,0,1,2,0
27,43,187,1,2,5,21,84,1,1,1,0,13,25,166,2,0,0,33,145,0,1,2,0
22,29,325,4,1,1,35,122,1,1,1,0,26,41,292,2,2,2,22,108,0,2,2,0
28,40,270,0,0,1,34,129,2,3,4,0,23,32,326,2,1,2,20,56,1,1,1,0
13,24,48,0,0,4,22,109,1,0,0,0,24,33,232,0,1,2,41,99,2,2,3,0
21,39,217,0,1,2,14,33,1,1,1,1,21,33,228,0,0,1,43,269,2,3,3,0
15,20,132,1,1,0,36,124,1,1,1,1,26,44,316,2,2,1,14,32,0,1,2,0
20,32,209,2,0,2,29,59,2,3,5,0,30,54,365,1,5,7,14,42,2,1,1,0
18,32,243,0,0,3,20,56,1,5,5,0,24,39,277,2,1,1,29,170,0,3,3,0
21,34,134,0,0,9,21,71,1,0,1,0,20,30,191,2,0,1,27,80,0,3,3,1
22,33,186,1,1,5,15,38,0,1,2,0,23,38,291,2,0,0,36,90,1,3,4,1
16,26,188,2,0,2,23,117,0,3,3,1,23,35,272,1,1,1,30,109,2,0,0,0
34,54,235,2,0,2,7,17,0,1,1,1,23,38,273,2,0,1,35,151,2,2,4,0
22,43,258,1,3,2,20,33,1,1,1,0,15,32,244,1,0,2,44,216,0,4,4,1
26,40,321,4,0,1,26,62,0,0,0,0,23,34,291,1,2,3,24,100,1,3,3,0
21,27,213,1,1,3,36,189,3,3,3,0,16,26,168,1,1,3,28,115,0,1,1,0
30,45,352,4,1,2,20,81,0,1,1,0,24,34,338,4,0,0,37,166,2,0,1,0
25,31,421,5,0,1,23,60,1,0,0,0,24,31,329,3,1,0,31,155,0,1,1,0
14,21,89,0,0,2,38,156,3,2,2,0,22,35,156,1,1,8,22,107,1,0,1,1
24,30,306,2,1,2,29,97,1,1,1,0,24,38,326,2,0,1,21,39,0,2,2,0
9,20,141,0,0,1,35,199,1,3,3,2,20,41,241,1,1,1,26,106,0,3,4,0
12,21,146,0,1,2,39,137,0,3,4,0,9,12,50,0,0,3,26,104,0,0,1,0
31,45,249,1,1,0,34,74,3,1,1,0,11,32,73,0,4,1,20,81,0,0,0,0
23,26,273,0,0,3,38,161,1,4,4,0,15,21,131,0,1,4,16,85,0,3,3,0
39,52,441,1,1,2,17,69,1,2,4,0,14,20,171,2,0,2,33,151,1,2,2,0
16,34,155,2,0,4,20,98,0,0,1,0,17,24,153,1,0,3,41,218,3,1,1,0
23,35,226,0,1,4,38,162,1,3,5,0,19,29,195,1,1,1,12,36,1,1,2,0
15,25,191,0,0,4,31,127,1,3,4,0,20,32,166,0,0,3,28,113,1,2,2,0
25,32,316,3,1,4,25,59,0,1,2,1,28,41,290,4,0,3,24,80,0,0,0,0
27,39,258,3,0,3,32,130,0,2,2,0,18,30,285,3,0,0,23,93,0,1,1,0
22,34,278,3,0,2,34,111,0,3,3,0,21,30,167,2,3,8,14,46,0,0,0,0
23,33,256,3,0,5,26,118,1,1,1,0,24,36,249,2,0,2,20,88,1,1,2,0
19,34,197,0,0,4,11,40,0,3,3,0,34,43,373,3,1,0,29,137,1,1,2,0
20,31,151,1,1,5,22,159,0,2,2,0,20,36,239,2,0,3,27,79,0,2,4,1
21,33,174,3,0,3,21,72,0,2,2,0,21,43,283,2,2,3,30,106,0,3,3,0
32,52,297,1,0,5,22,104,0,1,1,0,17,31,372,2,0,0,26,98,1,1,1,0
19,37,100,0,3,7,19,130,1,1,1,0,18,22,156,2,1,3,38,232,5,1,1,0
21,34,170,2,2,4,19,60,0,0,0,0,20,36,236,2,1,2,29,158,1,2,3,0
17,24,204,2,0,3,23,153,1,1,1,0,28,37,310,4,0,1,31,101,0,0,0,0
14,20,146,1,0,2,39,122,2,1,1,0,15,22,116,0,0,4,23,127,0,3,3,0
17,32,214,2,1,3,33,156,2,1,2,0,27,39,310,1,2,4,21,121,2,0,3,0
27,42,261,1,0,2,29,90,0,4,4,0,12,20,175,2,0,3,20,127,1,1,1,0
22,28,194,2,0,1,34,216,1,2,3,0,27,47,282,0,2,4,15,74,0,1,1,0
25,35,230,1,0,5,18,147,1,4,4,0,19,38,212,3,0,1,27,96,0,1,1,0
24,36,266,3,0,4,24,50,0,1,2,0,27,39,238,1,1,3,21,83,0,3,4,0
10,21,102,0,0,3,18,62,2,0,0,0,26,39,227,1,0,4,35,146,1,3,3,0
21,31,189,3,1,5,29,139,0,1,2,0,26,35,183,1,1,1,25,90,0,4,4,1
26,41,383,3,1,2,19,90,0,1,1,0,20,31,279,2,0,1,36,171,2,1,2,0
30,46,268,1,1,2,17,74,1,2,2,0,17,23,162,1,0,1,41,210,3,1,1,1
23,35,139,1,0,3,11,45,0,1,1,0,21,28,283,0,0,2,38,159,2,4,5,0
29,43,347,5,0,3,22,145,0,2,4,0,29,44,319,2,0,2,26,99,2,2,3,0
22,35,257,3,1,0,30,172,0,3,4,1,26,41,171,1,1,5,22,100,0,4,4,0
21,31,200,1,0,3,21,78,1,2,3,1,17,31,169,2,3,5,30,146,1,1,1,0
16,23,145,3,0,5,24,81,0,0,0,0,27,46,259,1,1,2,27,98,0,2,2,0
16,30,150,1,1,2,40,157,0,2,2,0,18,22,243,3,1,1,23,136,2,0,0,2
22,41,260,0,0,1,20,84,2,0,2,0,26,38,221,2,0,2,26,147,0,2,2,0
18,39,191,1,3,1,29,109,0,2,2,0,21,33,159,0,1,3,26,70,1,3,3,0
28,47,393,3,1,1,22,50,0,1,2,0,23,32,211,2,0,1,36,153,1,2,2,0
28,43,281,1,1,3,23,120,1,1,1,0,17,29,225,0,0,2,27,163,3,1,1,0
20,35,174,2,1,1,34,143,0,4,4,0,33,46,258,0,0,6,11,52,0,3,3,0
26,40,258,4,0,6,17,23,0,0,0,0,19,30,218,1,0,2,29,76,2,2,3,1
36,51,433,3,0,2,25,97,0,4,5,0,13,19,146,2,0,4,26,225,2,0,0,1
22,38,231,1,0,3,27,42,0,1,1,1,22,42,218,0,3,4,23,88,0,1,2,1
28,45,342,3,1,2,18,75,0,2,2,0,30,48,339,1,2,4,26,118,2,3,3,0
24,34,189,1,1,5,34,147,1,2,2,1,24,46,215,1,1,5,27,87,0,3,4,1
17,32,189,2,0,1,35,104,1,0,2,0,23,44,178,1,4,4,16,58,0,0,1,0
22,32,295,1,0,3,26,54,1,3,4,1,31,50,270,0,4,5,15,77,0,1,1,0
15,24,125,1,1,3,36,264,3,1,1,0,33,47,279,2,1,2,9,29,0,0,1,0
29,46,434,3,0,1,24,75,1,2,2,0,15,26,191,2,0,3,28,121,2,0,0,0
21,33,256,3,0,0,34,168,1,3,3,0,32,45,280,0,0,7,13,23,2,0,0,1
18,40,270,1,1,2,33,124,1,3,4,0,29,35,284,3,0,5,18,37,1,0,0,0
27,48,224,1,0,1,22,74,0,3,3,0,20,40,174,1,0,5,21,81,0,1,1,0
13,31,73,0,1,5,22,173,1,1,2,0,25,29,273,1,1,3,34,113,1,1,1,0
25,47,193,1,1,3,24,74,0,0,2,0,11,18,173,0,1,0,34,110,2,1,1,0
18,30,110,0,1,7,20,122,1,0,1,0,20,27,235,4,0,0,37,256,1,2,3,0
24,33,131,2,0,4,25,135,1,2,2,0,34,45,408,4,2,2,19,34,0,1,1,1
28,35,219,3,0,1,28,109,0,2,2,1,30,51,298,2,4,2,8,36,0,1,1,0
19,31,285,4,1,2,33,115,1,0,1,0,19,35,171,2,1,6,20,54,0,1,2,0
19,32,180,1,1,1,27,130,2,1,1,0,28,52,345,1,4,2,19,93,0,3,4,0
16,25,121,0,0,1,39,175,2,1,1,0,19,30,297,2,1,1,24,99,0,2,2,0
28,55,280,1,1,6,19,57,1,3,3,0,18,28,313,3,2,0,34,133,1,1,1,1
15,25,180,2,1,1,47,244,0,2,2,0,10,25,49,0,1,4,17,85,0,1,1,0
25,41,270,1,2,2,26,65,1,2,2,0,21,36,134,2,0,1,21,109,0,0,2,0
12,26,158,1,0,4,21,86,0,1,1,0,13,27,179,1,1,3,38,159,0,3,3,0
24,34,320,3,1,1,32,147,2,2,3,0,21,39,192,2,2,4,20,92,1,1,1,0
23,36,230,3,0,4,29,121,1,2,3,0,30,39,300,3,1,2,18,118,1,2,2,0
19,33,212,0,1,0,26,109,0,3,4,0,17,37,181,1,0,2,27,101,0,2,4,0
20,29,313,2,0,1,30,88,1,2,3,1,19,34,140,0,1,1,22,68,0,1,2,0
32,48,252,0,0,3,27,117,2,2,2,0,14,18,252,2,0,1,33,219,4,0,0,0
33,45,238,1,2,3,23,106,0,1,1,0,13,25,174,1,1,6,26,174,1,1,1,0
23,37,81,1,0,5,28,117,0,0,0,0,14,20,227,2,0,3,22,112,2,3,3,0
20,33,189,1,3,6,32,175,0,3,4,0,13,30,144,0,1,3,24,86,0,4,4,1
26,37,199,0,2,2,9,22,0,2,2,0,16,23,195,5,0,3,48,285,1,1,1,0
35,50,259,2,2,9,26,89,0,2,3,0,18,31,184,1,0,0,18,95,1,4,4,0
20,25,232,2,0,4,34,124,1,2,3,0,32,49,323,2,1,4,19,103,0,0,2,0
29,38,331,3,1,1,23,88,0,1,1,0,22,38,259,2,1,2,27,105,0,2,2,0
27,46,213,2,1,7,20,65,1,0,0,0,13,25,114,0,0,5,30,248,3,3,4,0
22,37,233,1,0,1,25,44,1,2,3,0,28,48,209,0,0,4,17,62,0,2,2,0
25,40,309,1,2,3,24,82,1,1,4,0,17,22,138,2,0,6,30,154,1,1,1,1
19,34,124,0,1,6,21,74,1,0,0,0,33,45,417,2,0,1,30,132,1,2,3,1
18,28,134,2,1,0,25,84,0,3,3,0,20,29,244,2,1,3,29,115,0,2,3,0
19,26,224,4,0,3,23,52,0,0,0,0,24,47,303,3,1,3,29,145,0,1,1,0
23,41,193,1,2,5,17,49,0,1,1,0,21,33,241,0,0,4,31,74,2,2,2,1
15,29,163,1,0,1,29,96,3,1,1,1,20,30,210,1,2,2,25,122,0,1,2,0
28,40,351,4,1,3,20,58,1,1,1,0,28,46,294,3,1,2,19,92,0,3,4,0
21,33,243,4,0,0,26,79,0,1,1,0,20,37,240,1,3,0,27,95,0,2,2,0
18,34,173,1,1,5,24,106,0,2,2,0,14,21,199,1,1,1,32,124,1,2,2,0
14,23,105,1,0,1,38,178,1,2,2,0,15,21,157,1,0,2,29,174,1,1,2,0
22,38,276,2,1,0,14,78,1,1,1,1,21,31,226,2,1,2,43,218,2,3,3,0
23,31,231,3,1,2,34,151,1,1,1,0,27,49,326,1,0,2,22,82,2,1,2,0
20,34,302,2,0,1,32,159,2,4,4,0,28,41,245,1,2,5,22,100,1,2,2,0
17,39,105,1,0,6,23,104,0,3,3,0,16,25,139,3,1,1,33,118,0,1,1,0
23,39,272,0,1,2,31,179,1,4,4,0,11,24,187,0,2,1,27,146,2,2,2,1
20,30,165,2,3,5,22,71,0,1,1,0,16,19,135,1,0,3,35,140,0,3,3,1
18,28,167,1,0,4,28,174,1,2,2,0,16,27,141,1,1,4,28,121,1,1,1,0
22,27,301,3,1,1,27,90,1,1,1,1,28,50,280,1,2,3,22,134,2,1,1,0
25,38,164,1,0,2,23,88,0,1,1,0,19,27,330,4,0,1,30,195,2,1,1,0
24,40,161,1,2,5,22,70,0,0,1,0,24,30,234,1,0,1,39,120,1,2,2,0
29,41,349,5,0,0,27,116,1,2,2,0,27,36,354,5,1,3,24,162,1,2,2,0
26,40,271,1,1,1,29,75,1,3,3,0,20,37,184,1,1,3,22,94,1,1,2,0
21,37,240,0,1,2,26,122,0,7,8,0,20,36,262,2,1,1,32,112,0,3,3,0
21,27,391,3,1,0,32,161,2,0,1,1,25,34,258,2,0,2,24,97,1,0,0,0
22,32,293,2,2,0,35,162,2,0,1,0,22,36,202,0,1,5,21,106,0,2,2,1
19,36,243,2,0,1,22,66,1,2,3,1,35,49,467,4,3,1,28,75,1,1,1,0
15,30,182,2,0,2,20,73,0,1,1,0,33,50,300,2,0,3,32,118,1,1,2,0
18,32,207,2,1,1,24,103,0,0,1,1,15,24,212,5,0,1,34,218,1,0,0,0
25,42,269,1,3,1,29,145,2,1,1,0,20,27,274,2,1,2,34,154,2,1,1,0
17,31,151,1,4,0,32,164,0,2,2,0,15,29,116,2,0,2,32,175,1,2,2,1
30,43,241,2,1,1,23,152,1,1,2,0,19,25,219,1,1,0,35,226,4,1,1,0
15,23,212,2,0,0,45,263,3,3,3,0,34,52,267,2,1,2,14,22,1,0,0,0
24,43,250,0,2,2,18,45,2,1,1,0,28,42,446,4,1,2,29,49,0,1,2,1
29,53,319,1,2,3,27,96,0,2,2,0,16,33,192,1,0,1,24,100,2,0,0,0
18,40,199,0,1,2,15,52,0,1,1,0,27,34,327,2,1,3,25,92,0,3,3,0
23,41,262,2,0,3,25,122,0,2,3,0,21,29,274,2,3,1,33,138,3,0,0,0
19,27,234,2,2,1,35,140,1,1,1,0,22,37,269,2,1,2,28,163,1,0,1,0
13,25,131,1,1,1,38,130,1,1,1,0,23,38,178,1,4,4,14,51,0,1,1,0
17,29,185,2,0,2,22,77,0,2,2,0,22,36,236,1,0,4,32,128,0,3,4,0
19,25,207,1,1,0,37,137,2,4,4,1,28,39,283,1,3,3,19,62,0,1,1,0
25,39,201,2,0,2,20,89,1,1,1,1,22,34,193,1,0,1,27,120,1,3,3,0
30,43,258,3,0,2,28,157,1,1,1,1,19,28,251,2,0,1,22,101,1,2,2,0
18,34,159,0,0,1,17,46,1,0,0,0,29,30,307,4,0,0,33,117,0,2,2,0
13,26,176,2,0,4,23,92,0,1,1,0,26,33,271,1,0,0,35,143,1,3,3,0
27,46,323,2,1,0,24,72,2,1,2,0,16,27,215,1,2,6,23,119,2,2,2,1
19,32,161,0,1,5,26,68,1,3,3,1,25,48,329,1,4,3,21,106,1,2,3,0
32,45,383,1,2,1,27,135,2,1,2,0,14,32,173,1,0,3,24,115,0,2,2,0
18,34,133,0,0,3,22,101,0,1,1,0,23,33,244,2,0,1,29,106,1,2,2,0
20,33,184,2,1,1,19,57,0,1,1,0,20,31,238,3,0,0,40,243,1,1,1,0
28,45,199,0,3,5,21,87,0,2,2,0,14,27,106,0,0,3,32,218,3,1,1,2
26,34,198,1,0,0,33,150,2,2,2,0,12,24,95,1,0,4,21,96,0,1,1,1
33,56,371,4,0,4,25,59,0,2,2,0,31,52,406,4,1,2,34,96,1,1,2,0
16,26,174,1,0,2,32,85,0,3,3,0,25,37,185,1,2,4,25,75,0,1,1,0
28,40,275,3,0,3,23,102,2,1,1,0,17,27,248,3,0,5,26,149,1,0,0,0
25,44,257,0,0,2,16,54,0,3,3,0,31,40,313,1,0,1,30,118,1,1,3,0
26,30,267,1,0,3,29,99,2,1,1,0,27,39,265,0,0,1,16,19,2,1,1,0
15,27,159,1,0,2,40,253,2,2,3,0,16,31,133,1,0,5,20,91,0,2,2,0
28,42,346,5,0,1,26,206,1,0,1,0,29,38,281,3,0,3,26,80,2,0,0,0
26,40,199,0,1,3,32,184,2,3,3,0,16,32,82,1,1,5,16,57,0,1,1,0
21,40,236,0,2,1,20,73,0,2,2,0,23,36,185,1,1,2,27,86,0,2,4,0
26,49,288,0,2,2,18,41,1,1,1,0,20,31,264,3,0,1,35,115,2,0,0,1
16,28,182,1,1,1,39,179,3,2,2,0,12,27,239,3,3,6,20,74,0,1,1,0
23,33,294,4,0,3,36,223,1,4,4,0,18,37,183,1,1,2,20,88,0,3,3,0
17,28,168,1,0,2,27,70,0,3,4,0,29,46,380,1,0,2,22,97,0,3,4,0
13,30,134,1,1,1,25,171,1,2,2,0,27,55,312,2,1,1,30,120,0,3,4,0
21,36,192,0,1,4,25,109,2,0,0,0,14,21,222,2,0,0,39,245,3,0,0,0
12,25,143,0,0,3,27,132,2,2,2,0,27,39,286,3,1,3,24,67,0,3,3,1
16,25,174,1,1,0,23,162,2,1,1,1,31,46,258,2,2,3,25,108,1,0,0,0
26,37,179,0,0,4,34,158,1,4,4,0,12,21,126,0,2,0,26,174,1,4,4,0
29,44,326,1,0,2,22,63,1,2,2,1,16,29,217,2,1,1,27,135,1,1,1,0
28,47,275,1,1,4,21,122,1,1,1,0,23,40,279,1,0,1,31,121,3,2,2,0
27,43,322,2,2,1,17,71,1,1,1,0,29,45,311,3,0,1,33,113,1,1,2,0
9,25,77,0,0,2,23,91,1,1,1,0,11,21,81,0,1,3,44,223,1,4,4,1
25,40,223,2,0,1,30,125,1,0,0,0,18,22,270,0,0,2,24,128,3,2,2,0
30,51,286,1,0,6,30,87,0,5,5,1,13,24,193,2,2,1,21,136,0,0,3,1
25,48,253,1,0,3,30,172,0,4,4,0,20,25,219,1,0,7,33,141,1,2,2,0
20,37,209,0,1,0,22,98,1,2,2,0,9,16,71,1,1,1,40,201,1,0,0,1
19,31,226,1,0,3,40,136,2,2,2,0,27,34,227,1,1,3,17,97,1,2,3,0
19,28,162,0,0,7,26,120,0,3,3,0,18,30,318,1,0,1,26,64,1,1,2,0
8,15,83,3,0,1,37,217,1,0,0,0,31,59,345,1,2,4,29,185,0,2,2,0
21,29,126,1,1,6,10,21,0,1,1,0,11,19,122,1,1,2,47,186,2,2,2,0
16,27,235,2,0,2,30,109,2,0,0,0,21,31,265,1,0,5,24,110,2,1,2,0
31,52,348,2,0,5,21,94,1,1,2,1,23,35,316,5,0,1,21,118,2,1,1,0
23,35,292,3,0,2,27,112,2,0,0,0,22,32,210,2,0,3,23,85,1,1,1,0
31,39,296,2,2,3,16,62,1,0,0,0,6,8,69,0,0,1,42,285,4,3,3,0
26,42,268,2,2,4,29,129,2,1,1,0,20,31,210,1,2,1,22,141,1,2,2,0
20,32,242,1,1,4,22,118,2,0,1,0,24,32,203,3,0,1,34,166,1,2,2,0
37,54,434,2,1,2,21,72,1,2,2,0,31,35,299,4,0,3,20,84,1,1,1,0
33,46,306,2,0,3,32,98,1,2,4,0,21,35,202,1,1,3,15,52,1,1,1,0
22,34,259,1,0,1,30,129,2,3,3,0,22,30,239,1,0,0,31,133,3,2,2,0
23,36,173,0,1,3,28,122,1,2,3,0,16,30,207,0,0,2,39,155,1,3,4,0
20,36,214,3,0,1,28,149,0,2,2,0,24,42,288,1,1,1,29,138,1,3,4,0
36,46,357,1,2,1,22,88,1,2,3,0,19,20,150,3,0,4,23,91,0,2,2,0
32,44,364,4,0,0,32,158,1,2,2,0,19,25,248,2,1,2,22,134,2,1,1,0
19,31,189,2,0,1,34,82,1,2,2,1,23,36,224,2,2,3,26,86,1,1,2,0
20,30,182,0,3,1,27,87,1,1,1,0,15,19,140,0,0,2,42,217,3,0,1,0
25,39,244,1,0,3,27,136,1,1,2,0,20,31,269,0,1,1,40,153,2,2,3,0
21,39,168,1,1,2,27,138,0,0,1,0,21,26,270,3,0,2,30,111,2,1,1,0
26,40,224,1,1,2,36,180,2,1,3,0,19,33,243,2,0,3,25,123,0,2,2,0
24,42,208,2,2,8,17,57,0,1,2,0,17,31,159,1,0,3,36,80,2,2,3,0
22,33,216,1,0,0,26,107,1,0,0,0,29,43,247,2,0,1,34,130,0,1,4,0
26,41,262,2,2,3,20,29,0,1,1,0,21,32,208,3,0,2,30,141,0,2,2,0
37,61,285,3,0,3,24,68,0,3,3,0,16,23,219,2,1,0,35,215,3,0,0,0
18,28,169,2,2,4,32,135,0,1,2,0,25,40,220,0,1,4,18,75,1,2,3,0
19,25,203,1,1,2,40,151,1,4,4,0,11,26,95,0,3,3,18,80,1,1,1,0
26,38,278,1,1,3,32,160,2,3,3,0,19,33,199,1,0,4,23,117,1,1,1,0
24,37,267,4,0,1,34,113,0,4,4,0,34,49,445,1,0,1,31,125,4,2,2,0
20,33,218,2,1,4,21,89,1,0,1,0,18,30,229,2,0,1,35,259,2,2,2,1
25,36,253,1,1,4,17,51,0,3,3,0,18,24,177,1,0,4,37,230,1,4,4,1
24,35,411,4,0,1,23,112,0,1,1,0,31,47,311,2,0,3,22,99,1,2,2,0
21,32,173,1,0,1,29,104,0,2,2,0,22,27,177,2,1,3,29,182,2,1,1,0
30,45,315,3,2,2,27,165,1,1,1,0,18,24,231,4,0,1,34,123,0,2,2,0
26,43,242,0,2,0,26,121,2,2,2,0,20,27,258,3,0,1,39,191,2,1,1,0
19,39,215,2,1,7,26,104,0,2,3,0,29,41,301,2,1,1,22,109,1,1,1,0
27,47,289,2,0,1,22,125,0,3,3,0,22,33,296,1,1,2,44,183,1,2,2,0
30,44,397,1,1,1,25,67,2,1,2,1,21,28,275,5,1,2,30,154,0,0,0,0
33,42,340,0,2,5,24,87,2,1,1,0,23,35,217,1,1,0,22,122,3,1,1,0
26,38,312,1,1,0,19,112,2,1,1,0,28,38,261,3,0,3,35,116,1,2,2,0
30,42,246,0,1,4,17,72,2,0,0,0,18,20,156,2,0,1,36,138,2,1,1,0
19,38,227,1,1,2,25,144,2,2,3,0,29,51,307,4,2,2,25,130,0,1,2,0
24,33,274,4,1,4,21,101,1,0,0,0,23,32,311,2,1,2,32,167,2,1,2,0
16,23,142,2,0,2,37,158,2,2,2,0,21,37,206,2,3,3,22,103,1,0,0,0
19,25,234,1,0,0,31,119,1,2,3,2,17,29,151,1,3,2,29,109,0,0,0,0
23,35,268,2,3,1,27,109,1,1,1,0,22,31,232,2,0,4,27,90,0,4,4,0
25,39,184,1,2,6,14,42,0,1,1,0,25,38,285,3,0,2,25,68,0,2,2,0
16,27,238,3,2,2,33,226,1,1,2,0,23,37,310,0,1,2,34,134,2,6,6,0
21,32,271,3,0,1,26,98,1,3,3,0,29,36,275,3,0,2,20,122,0,3,3,0
17,28,156,1,1,2,38,250,2,3,3,1,24,32,249,2,0,2,22,126,0,2,3,0
17,32,165,0,1,2,15,66,0,3,3,0,25,36,327,1,0,2,35,93,3,3,4,0
31,44,256,2,0,8,18,48,0,3,3,0,29,47,206,1,2,3,36,172,1,3,3,0
19,27,231,2,1,5,15,29,1,0,0,0,23,36,218,2,0,2,38,169,1,2,2,0
22,28,221,1,0,2,21,81,0,5,5,0,35,49,319,1,1,2,23,117,1,1,1,0
37,57,461,3,2,2,21,61,1,2,2,0,27,40,295,5,0,4,26,117,0,0,0,0
31,42,385,4,0,0,31,132,1,0,1,0,15,28,70,1,0,4,21,158,0,2,2,1
19,31,242,2,3,0,32,117,2,3,3,0,25,44,192,0,0,6,24,129,1,5,5,1
26,37,276,2,1,0,35,168,2,1,2,0,24,31,133,3,0,1,23,129,0,0,0,0
26,42,241,1,1,1,16,28,0,1,1,0,16,29,186,1,0,1,38,103,0,4,4,0
25,36,300,1,1,1,34,205,2,4,4,0,27,40,340,2,1,3,20,89,0,4,5,0
20,31,201,3,0,2,40,307,3,2,2,0,41,58,481,4,1,3,18,85,1,0,0,0
17,31,191,3,1,3,22,90,1,0,0,0,19,25,228,2,1,2,42,164,3,0,0,0
20,33,290,2,0,3,26,96,0,3,3,0,16,22,248,1,0,3,40,162,3,1,2,0
29,45,312,0,2,1,22,103,1,5,5,0,24,34,343,2,1,2,26,98,2,1,1,0
24,34,274,2,0,1,24,63,2,1,1,0,32,44,297,2,0,2,23,86,0,3,3,0
23,36,159,0,1,5,25,136,0,3,3,0,25,32,182,1,0,2,23,58,1,1,1,0
18,28,174,1,1,3,28,93,1,1,1,1,32,45,301,1,2,5,20,116,2,0,0,0
20,25,278,3,1,2,23,46,0,1,2,1,30,46,369,5,1,0,27,115,0,1,2,0
15,23,206,2,2,1,32,144,2,1,1,0,32,45,274,0,0,3,22,69,2,1,2,0
28,39,249,0,0,4,25,78,2,1,1,0,27,33,315,4,0,1,26,88,0,1,1,0
19,29,229,2,0,1,25,94,0,2,2,1,20,37,172,1,3,2,35,185,0,1,1,0
30,42,208,1,1,3,14,35,1,2,2,0,25,41,233,1,0,3,20,106,0,4,4,0
21,37,207,0,1,2,24,166,1,3,3,0,27,36,313,2,0,0,27,124,0,3,3,0
22,38,261,2,2,1,33,124,0,3,3,1,21,33,240,0,2,1,18,68,1,3,3,1
24,33,276,1,1,2,29,126,2,3,3,1,20,33,211,0,0,2,27,89,2,4,4,1
25,35,357,3,2,1,22,129,0,3,3,0,31,49,289,2,0,4,20,75,0,0,2,0
22,43,333,2,1,3,20,80,2,1,1,0,22,31,346,3,1,1,35,144,2,2,2,0
27,37,369,1,1,1,30,127,3,1,1,0,18,33,162,1,0,3,28,123,0,1,1,0
21,36,242,2,2,5,16,94,2,0,1,0,27,34,231,3,0,1,32,136,2,1,1,0
19,30,135,0,1,7,28,70,0,1,1,0,19,37,171,2,1,1,24,161,0,2,3,1
27,39,248,2,1,3,41,201,1,2,2,0,20,32,190,3,1,4,16,124,1,0,0,0
22,28,342,3,0,2,33,94,1,5,5,0,16,35,128,1,2,5,19,131,1,1,1,0
21,30,300,2,1,1,35,129,2,1,1,0,18,30,70,0,0,8,14,38,1,1,1,0
33,48,313,1,1,2,25,95,2,3,3,0,20,34,239,4,0,3,32,111,0,0,1,0
29,46,275,2,2,1,22,95,0,1,1,0,21,28,195,3,0,0,34,139,3,0,0,0
16,29,191,0,2,4,29,112,1,3,4,0,23,39,198,1,1,0,25,63,1,3,3,0
25,39,300,0,1,2,32,98,3,2,3,0,29,44,371,3,1,1,15,59,1,1,1,0
19,31,223,1,1,0,39,180,3,2,3,0,25,44,231,1,1,1,16,44,1,1,2,0
20,29,192,3,2,2,25,110,0,1,1,0,21,44,148,0,1,3,22,115,0,0,1,0
30,40,363,4,0,2,37,99,0,4,4,0,24,36,333,3,3,1,13,32,0,0,0,0
10,24,164,0,2,2,37,135,0,6,6,0,19,27,171,0,2,4,25,117,1,2,2,0
12,19,108,1,1,1,26,132,0,2,2,1,31,42,251,2,1,3,24,86,0,2,3,0
28,38,320,4,0,2,27,92,1,1,1,0,30,41,344,4,1,2,27,263,2,0,2,0
21,40,170,2,0,6,18,194,1,0,1,1,16,27,173,1,0,3,37,182,2,3,3,0
15,28,145,1,2,4,22,75,0,0,0,0,15,23,148,1,0,2,37,129,3,1,1,1
19,38,198,2,1,0,19,113,0,1,1,0,23,33,268,3,0,0,37,122,0,1,1,0
16,35,107,0,2,5,21,94,1,1,1,0,17,28,166,2,0,0,35,158,2,1,1,1
14,27,122,2,1,0,23,84,0,1,2,0,21,26,221,2,0,1,46,245,1,2,2,0
9,24,177,2,0,1,35,261,3,1,1,0,34,54,247,1,2,3,27,97,0,1,2,0
20,30,165,2,1,3,22,160,1,0,0,0,25,43,346,2,1,3,26,96,1,1,2,0
31,42,322,1,0,2,26,66,2,0,0,0,25,36,322,1,0,2,21,64,1,3,4,0
36,48,387,3,1,4,21,81,1,2,2,0,23,29,316,5,1,0,22,82,0,1,1,0
34,48,360,3,1,0,33,159,1,3,4,0,33,50,372,3,3,2,30,200,1,2,2,0
24,40,234,0,2,3,33,177,2,1,1,0,17,25,185,1,0,4,22,101,2,3,3,2
23,34,283,4,0,0,27,96,1,0,0,0,29,39,286,2,0,3,22,79,0,2,3,0
23,28,246,2,0,1,14,37,1,1,2,0,30,37,277,2,0,1,29,138,1,2,2,0
15,25,147,0,4,2,22,94,0,2,2,0,20,25,270,0,2,1,37,197,4,2,2,0
30,43,296,0,0,2,27,126,0,6,8,0,12,23,91,0,2,6,22,100,1,1,1,0
18,31,210,2,0,2,23,82,1,1,2,0,32,49,268,2,3,0,25,94,1,2,2,0
24,36,271,2,1,3,24,76,0,2,2,0,33,45,369,4,0,0,25,85,2,1,1,0
14,27,154,2,0,5,27,140,1,0,0,1,28,44,349,3,0,1,32,135,2,2,3,0
11,22,59,0,1,6,26,83,0,1,1,0,15,25,189,2,0,2,39,208,1,1,2,0
28,40,230,0,2,4,17,49,0,1,1,1,23,33,211,2,0,1,34,160,1,1,2,0
21,30,270,0,1,2,36,131,2,4,4,0,16,27,157,1,1,3,22,147,1,1,1,0
11,18,149,0,1,1,38,190,3,1,1,0,15,25,161,0,0,2,34,188,2,2,2,0
28,41,233,2,1,5,23,96,0,3,3,0,31,41,272,2,0,1,30,122,0,4,5,0
26,37,249,2,0,0,32,118,2,1,1,0,18,30,223,2,1,1,29,218,1,0,1,0
12,25,122,0,0,0,22,101,0,2,3,0,15,24,100,1,0,2,45,209,0,3,4,0
26,41,243,3,1,2,16,108,1,1,1,0,29,44,275,3,2,2,38,210,0,3,3,0
23,34,247,3,0,2,39,119,2,0,0,1,24,42,297,3,1,5,13,29,0,0,1,0
27,41,291,3,0,1,24,109,0,0,0,0,11,14,151,1,0,1,34,173,3,0,0,0
35,47,446,5,0,0,20,50,0,0,0,0,18,30,128,0,0,1,25,93,0,3,4,0
12,22,90,1,0,1,25,55,1,0,0,2,35,61,340,1,2,2,29,131,1,1,2,0
21,40,132,0,0,4,35,133,0,3,4,0,16,28,103,2,2,4,26,119,0,0,0,1
21,32,173,2,0,2,16,48,1,0,0,1,13,28,192,2,2,4,47,265,1,1,1,0
27,37,249,4,0,2,28,101,1,1,1,0,29,41,299,2,1,3,22,52,2,0,0,0
26,42,256,2,2,3,24,101,1,1,1,0,28,40,263,2,0,2,24,81,0,4,4,0
25,31,294,4,0,1,31,111,0,2,2,0,22,35,282,1,1,1,17,55,1,1,1,0
25,35,271,3,1,2,32,92,1,2,2,0,25,48,302,2,1,1,22,103,1,2,2,0
31,38,386,3,0,7,19,34,2,3,4,0,28,41,362,2,2,5,17,57,2,2,2,0
25,44,227,0,1,0,21,112,1,1,1,0,19,23,156,0,0,2,38,110,2,1,1,1
21,26,264,3,0,1,37,178,1,1,2,0,20,28,221,2,0,3,25,91,1,2,2,1
21,38,220,1,1,2,31,144,0,4,4,0,31,45,309,3,0,0,18,46,0,2,2,0
19,32,267,2,0,2,28,107,1,2,2,0,26,38,288,1,1,2,27,115,2,2,2,0
37,50,331,2,0,2,24,104,2,1,3,0,30,45,361,4,0,2,11,36,0,2,3,0
31,45,292,2,3,2,27,129,0,2,3,0,13,20,212,3,0,1,34,275,2,0,0,0
36,52,319,2,0,3,20,56,0,1,1,0,10,21,136,2,0,3,31,92,0,1,1,1
13,23,160,2,0,1,26,160,2,1,1,0,28,42,312,2,0,2,31,128,1,2,3,0
29,35,282,4,0,1,37,138,1,1,1,0,22,38,186,0,3,3,5,8,0,1,1,0
23,34,184,1,0,5,35,166,1,3,3,0,29,39,365,1,3,2,9,37,1,2,2,0
27,35,274,0,0,0,41,159,3,3,3,0,18,25,257,3,1,1,18,65,0,2,2,0
29,39,297,1,0,1,29,133,2,2,2,1,15,27,137,1,0,1,32,157,1,1,2,0
20,28,122,2,1,3,16,65,1,1,1,0,28,39,334,3,0,1,37,210,2,4,4,0
12,20,125,0,0,1,41,231,1,1,1,0,20,30,153,1,0,2,22,90,0,0,1,0
33,50,296,3,2,0,18,73,0,3,3,0,22,32,236,1,1,3,35,217,2,4,4,0
24,33,267,3,0,1,21,105,0,3,3,0,38,55,375,0,0,2,26,89,3,2,3,0
24,34,315,2,1,1,25,80,1,1,1,0,18,35,151,1,1,3,23,109,0,2,2,1
15,25,169,2,0,0,32,111,1,3,4,0,20,32,174,2,1,2,29,99,1,0,0,0
14,23,123,1,0,3,30,114,2,2,2,0,24,39,232,1,2,2,25,49,0,2,2,0
14,18,135,2,0,1,39,173,1,1,1,0,24,34,242,2,1,2,28,115,0,1,1,0
21,28,231,0,0,3,36,151,3,2,2,0,21,37,190,0,0,3,23,156,2,1,1,0
21,40,185,1,0,4,21,139,0,1,1,0,27,46,333,4,0,0,20,44,0,3,3,0
23,47,247,1,4,2,19,66,0,2,2,0,16,25,154,0,0,0,41,203,4,3,3,0
27,37,283,0,0,3,29,106,3,1,1,0,22,37,220,0,2,6,22,113,1,3,3,0
16,31,108,0,1,2,17,41,0,2,2,1,25,36,286,2,1,1,33,99,0,2,2,0
29,42,257,2,0,3,18,57,1,0,0,0,23,28,182,2,0,3,31,165,1,2,2,0
24,35,258,1,2,1,34,116,1,2,2,0,18,33,145,0,0,5,17,40,0,0,1,0
12,22,187,0,0,3,40,137,1,2,3,1,21,35,209,2,2,5,25,106,0,1,1,0
24,36,280,3,1,1,37,140,0,4,5,0,27,38,301,3,1,1,18,66,1,1,1,0
18,30,270,0,1,0,33,189,2,2,2,0,23,38,167,1,1,6,17,56,0,2,2,0
28,37,344,2,0,0,19,55,1,2,2,0,26,40,349,1,0,2,24,86,1,2,2,0
16,37,133,0,4,2,17,73,0,1,1,0,32,46,267,2,1,0,27,106,1,2,3,0
22,32,196,3,1,1,31,180,1,1,1,0,22,30,305,3,0,2,29,125,1,0,0,0
19,37,196,0,2,8,14,52,0,3,3,0,18,23,210,0,0,3,36,166,3,1,2,0
35,46,352,2,1,0,27,108,3,0,0,0,23,31,275,3,1,0,26,89,1,1,1,0
23,32,250,2,1,2,34,173,1,3,3,0,17,29,177,1,1,1,33,129,1,3,3,0
15,30,196,2,1,1,24,96,2,0,0,0,37,49,347,3,0,3,26,29,0,2,2,1
25,44,202,1,1,4,18,70,0,1,3,0,17,25,161,1,1,2,34,164,1,2,3,0
39,51,376,3,2,0,20,37,0,2,3,0,26,48,209,2,2,1,18,42,1,1,1,0
25,35,187,1,1,4,18,60,0,3,3,0,20,27,156,1,1,3,36,182,3,2,2,1
28,43,279,1,1,4,29,109,2,1,1,0,17,25,307,4,0,2,23,77,0,2,2,1
22,39,179,2,1,1,32,125,1,5,5,1,25,39,203,0,1,5,14,40,0,2,2,0
19,25,160,2,1,3,30,172,1,2,2,0,31,52,291,1,1,3,24,76,1,1,1,0
17,29,115,1,1,2,15,40,0,1,1,1,22,38,244,0,0,0,42,142,1,4,4,0
24,44,280,2,1,2,21,56,2,0,0,0,13,22,220,1,0,1,45,229,4,1,1,1
1,9,12,0,2,1,33,100,0,1,1,0,9,16,63,0,1,3,44,229,4,1,1,0
26,46,229,3,2,3,16,121,0,1,1,0,21,29,211,4,0,0,39,182,1,0,0,1
19,29,252,2,0,2,33,207,1,2,2,0,20,35,235,2,0,0,25,140,1,2,3,0
19,36,267,1,1,0,28,107,0,2,4,2,34,45,291,3,0,2,24,96,0,2,2,0
23,34,160,0,1,2,34,138,2,1,2,0,9,18,69,0,2,3,30,110,2,2,2,0
24,39,241,2,0,4,25,104,0,2,2,0,16,27,173,0,2,3,23,87,0,1,2,0
19,31,182,0,2,2,28,126,1,2,2,1,24,35,233,0,1,2,33,112,1,3,4,1
37,50,456,3,0,2,20,87,0,2,2,0,27,41,342,3,2,1,13,75,0,1,1,0
26,46,180,2,1,6,14,70,0,1,1,0,22,31,225,1,0,2,30,76,1,3,3,0
36,51,266,1,1,0,20,68,0,2,2,1,9,18,90,1,1,3,28,129,1,0,0,0
19,39,262,1,0,3,21,70,0,3,3,0,27,37,217,2,0,2,36,207,1,0,1,0
26,34,249,1,0,2,31,140,3,1,1,0,27,42,400,3,1,2,22,60,2,0,0,0
21,39,140,3,1,2,21,92,1,0,1,0,37,47,344,1,0,1,31,119,3,1,2,1
25,34,288,3,0,2,25,149,1,1,1,0,11,27,161,1,1,7,25,117,0,1,1,1
27,35,262,2,0,3,29,109,1,1,1,0,26,38,308,0,1,5,19,90,2,2,3,0
15,28,151,2,2,0,33,179,0,1,2,0,25,40,313,1,0,1,22,134,0,5,5,0
17,27,156,1,2,6,17,40,0,0,1,0,26,39,296,1,0,0,28,110,0,4,4,0
28,42,266,1,2,2,25,124,1,1,2,1,28,43,275,3,1,4,38,145,0,2,3,0
14,23,170,2,1,3,34,206,2,0,0,0,28,47,368,3,1,2,25,72,1,1,1,0
26,34,340,4,0,0,36,118,1,2,2,0,29,45,369,3,1,3,18,62,1,0,0,1
14,22,126,2,0,1,43,165,2,1,1,2,26,53,188,0,2,3,15,70,0,0,2,0
13,22,100,1,1,2,31,190,1,1,1,0,27,43,216,1,1,5,22,111,0,1,1,0
33,53,305,2,1,0,14,21,0,1,1,0,31,46,273,1,0,3,21,45,1,3,3,0
32,40,368,4,0,1,27,81,0,2,2,0,26,39,316,3,2,0,21,86,0,1,1,0
31,48,277,2,1,1,28,111,0,1,4,0,12,17,107,2,1,0,37,294,2,2,3,0
14,23,113,0,1,6,29,107,0,1,1,0,16,25,132,1,1,1,36,186,1,1,1,1
24,43,230,2,1,1,27,104,0,2,2,1,21,37,177,2,2,1,17,47,0,0,0,0
30,40,245,0,0,4,21,125,3,2,2,0,21,27,269,4,0,1,30,96,0,0,0,1
24,33,241,3,0,3,23,169,1,2,2,0,21,30,155,1,0,7,27,108,0,0,0,0
28,38,208,1,0,2,30,101,0,0,0,0,16,23,171,2,0,2,25,101,0,3,3,1
27,40,242,1,0,4,15,51,2,1,1,0,26,33,290,3,0,0,31,120,1,1,1,0
31,54,263,1,1,0,15,91,0,1,2,0,19,24,205,2,0,1,40,249,2,1,1,0
24,34,354,2,3,3,24,94,1,1,1,1,28,49,287,2,1,4,24,80,1,2,3,0
24,35,231,1,0,1,43,159,1,4,4,0,13,24,81,0,0,8,17,78,1,0,0,0
28,38,262,2,1,5,20,96,1,0,2,0,17,30,167,1,0,0,36,246,2,1,2,0
19,28,244,2,0,0,31,212,2,3,3,1,32,46,345,2,2,0,22,79,1,2,2,0
22,33,249,2,3,2,20,70,0,1,1,0,36,44,240,2,1,1,26,105,0,2,2,0
14,26,116,0,0,3,23,69,0,1,4,0,25,32,236,4,1,1,36,174,1,2,2,0
25,45,236,1,1,4,27,108,1,0,0,0,15,32,95,0,1,2,28,98,0,3,4,2
24,37,173,1,0,6,33,162,1,0,3,0,15,23,196,2,0,0,26,107,1,2,2,0
29,48,355,2,1,0,28,138,4,0,1,0,12,21,154,1,0,4,32,231,5,1,1,0
20,33,276,1,1,1,41,173,2,2,2,0,22,32,306,2,0,1,29,96,2,1,3,0
28,40,352,2,0,1,24,182,3,2,2,1,20,32,115,1,0,3,28,140,2,0,1,0
21,35,249,0,0,3,27,115,1,3,3,0,20,29,96,1,0,5,27,195,2,1,1,0
34,49,332,3,0,3,13,37,0,2,2,0,31,45,365,2,0,3,18,51,2,1,1,0
22,29,223,2,0,1,23,127,1,2,2,0,33,41,342,2,0,5,21,83,0,2,2,0
28,37,423,3,1,1,30,103,1,1,1,0,24,44,305,3,0,6,29,117,1,0,0,0
20,34,204,2,0,2,22,87,2,2,3,1,26,43,308,3,2,2,36,150,1,2,2,0
20,26,133,0,1,2,42,250,3,0,1,0,17,27,186,0,0,3,22,117,0,4,4,0
15,21,198,1,1,1,42,199,2,4,4,0,24,35,249,2,1,3,28,158,1,2,2,0
26,47,232,3,0,4,41,179,1,1,1,0,15,34,225,3,1,1,17,60,1,0,0,0
27,32,286,2,0,1,30,106,1,0,0,0,19,32,214,0,0,1,21,74,0,2,2,0
27,38,307,1,1,0,27,123,2,1,1,0,21,27,268,3,0,1,38,195,3,1,1,0
22,31,196,1,0,2,31,93,1,3,3,0,22,34,189,2,1,3,19,114,0,2,2,0
22,29,205,2,0,5,22,62,0,0,0,0,19,26,250,3,1,1,37,159,2,1,2,0
18,27,121,1,1,0,26,181,1,2,2,0,38,55,269,1,2,4,20,84,1,1,1,0
7,13,78,1,0,2,41,152,2,2,3,0,20,38,158,1,1,1,23,86,1,1,1,0
27,41,274,3,0,2,17,90,2,0,0,0,21,28,319,0,2,0,45,264,7,1,1,0
31,50,230,0,1,3,27,120,1,2,2,0,13,22,171,3,0,3,30,227,0,0,2,0
21,31,113,0,1,4,15,73,0,0,0,1,31,42,477,6,0,2,26,111,1,0,1,0
26,35,253,2,0,3,25,130,0,4,4,0,21,34,314,1,0,3,24,104,1,4,4,0
22,30,362,3,1,2,34,151,1,3,3,0,21,39,326,1,2,3,29,151,1,1,1,0
21,25,214,4,1,1,37,234,2,0,0,0,11,26,104,1,2,2,27,156,1,0,0,0
29,38,371,2,0,0,33,169,2,3,4,0,24,33,322,3,0,1,17,166,1,1,1,0
24,36,263,2,1,1,33,128,3,2,2,0,24,37,203,2,2,1,16,76,0,1,1,0
27,35,277,2,0,4,23,90,0,0,1,0,24,45,278,2,2,0,21,117,0,1,1,0
28,53,254,0,0,4,18,45,2,1,2,0,17,33,202,3,0,2,34,131,0,1,2,0
21,34,238,1,1,5,28,127,2,1,1,0,34,49,332,3,0,1,14,22,1,0,0,0
24,41,215,1,0,6,12,54,0,2,2,0,17,26,183,2,0,0,40,249,1,2,2,0
24,47,263,0,2,2,28,133,1,3,4,0,21,33,227,1,0,2,20,89,0,4,4,0
24,43,216,0,1,3,29,118,0,3,3,0,20,32,197,1,0,5,24,95,1,2,2,0
19,28,167,1,1,4,35,113,1,0,0,1,26,47,278,1,2,3,19,108,0,2,2,0
30,40,344,4,0,0,31,130,1,1,1,0,9,21,56,0,0,3,24,145,1,1,1,0
24,38,377,4,2,1,25,78,2,0,0,2,36,59,384,1,3,1,20,70,2,2,2,0
18,37,246,0,5,3,20,74,1,0,0,0,22,32,191,3,0,2,30,156,1,2,2,0
33,42,248,0,1,1,31,108,1,3,3,0,19,24,237,4,0,1,19,79,1,0,0,0
6,21,48,0,2,0,19,147,0,1,1,0,11,19,121,3,1,0,54,404,2,1,1,0
17,27,166,1,0,4,31,192,2,1,1,0,26,44,309,2,1,1,20,85,0,3,3,0
17,27,164,1,1,0,37,273,2,2,4,0,26,42,230,2,0,6,17,53,0,0,0,0
25,41,324,2,0,2,32,122,1,3,6,0,24,38,359,2,2,3,23,106,2,1,1,0
20,31,288,3,1,1,22,129,2,1,1,0,28,40,383,3,0,3,31,125,2,1,2,0
29,40,361,3,1,4,17,96,1,4,4,0,18,27,204,1,0,2,41,288,4,2,2,0
23,32,217,2,0,1,17,51,1,0,0,0,22,31,281,3,0,3,35,135,2,0,0,0
22,31,238,4,0,3,29,166,0,0,0,0,23,34,239,1,2,3,25,111,1,0,0,0
29,47,199,0,1,6,27,108,1,4,4,0,17,25,211,2,1,2,28,125,1,1,1,0
13,33,98,0,2,3,29,118,2,0,0,0,22,32,145,2,2,3,27,103,0,2,2,0
19,27,166,1,1,4,18,48,0,0,1,0,22,38,223,0,1,2,30,110,0,3,3,1
20,36,159,2,0,2,27,121,1,2,2,0,25,37,242,1,0,3,24,86,1,3,3,0
29,44,258,2,0,1,26,127,1,2,2,0,26,41,391,4,1,1,22,94,1,3,3,0
26,35,301,2,0,2,21,96,1,2,2,0,27,46,309,2,0,0,30,163,1,1,2,0
12,25,169,1,0,3,43,164,1,3,3,1,11,27,142,2,1,5,25,136,0,2,2,0
22,40,365,2,0,3,29,142,1,4,4,0,26,44,289,1,1,2,23,86,2,1,1,0
19,29,191,1,0,1,19,48,0,1,1,0,28,39,262,2,0,1,35,123,1,0,1,0
18,26,158,1,1,1,22,51,0,2,2,0,17,24,165,0,1,5,35,236,2,2,3,0
21,34,263,3,0,0,31,127,2,2,2,1,47,68,501,4,4,0,16,52,1,1,1,0
23,37,188,1,0,2,16,32,0,1,3,1,20,37,190,0,1,4,32,150,0,1,3,0
23,36,296,2,0,0,36,188,2,2,2,0,21,27,148,1,0,4,19,96,1,1,1,0
23,37,196,1,1,1,22,112,1,1,1,0,27,38,315,1,1,1,24,123,1,3,4,0
20,35,190,2,3,0,25,104,0,2,2,0,18,33,189,2,0,1,35,127,1,3,3,0
33,48,314,3,1,5,16,67,0,2,2,0,20,36,275,3,3,1,24,76,1,1,1,0
28,48,234,2,1,4,18,129,0,4,4,0,29,38,325,3,0,1,25,114,2,1,1,0
26,49,243,0,2,3,17,107,0,3,3,0,21,29,195,3,0,1,33,145,1,1,1,0
42,58,391,3,1,1,18,60,0,3,5,0,32,50,379,4,2,0,14,52,0,1,1,0
21,35,136,0,0,3,26,124,0,2,2,0,27,35,261,3,0,1,31,173,1,1,1,0
30,51,254,1,0,3,25,117,0,3,3,0,18,32,177,1,0,2,21,75,0,3,3,1
24,35,270,1,0,1,27,111,1,2,2,0,20,37,207,2,1,6,17,45,0,0,0,0
20,27,217,2,0,5,36,149,1,2,2,0,37,50,336,2,0,3,22,67,1,1,1,0
25,38,223,2,0,3,30,113,0,1,1,0,18,23,241,4,0,3,27,140,0,0,0,0
38,57,314,3,1,3,24,116,1,1,2,0,18,26,311,2,0,1,28,131,2,2,3,1
21,33,289,2,0,1,41,160,2,3,3,0,28,51,319,3,3,1,16,76,0,0,1,0
21,28,304,0,1,2,26,153,4,0,0,0,27,36,324,3,0,2,23,73,1,2,2,0
20,35,186,0,2,2,15,43,0,1,1,0,15,21,151,5,0,0,39,171,0,1,1,0
16,27,185,1,1,2,23,74,1,1,1,0,29,39,268,1,0,1,30,125,0,3,3,0
28,36,255,2,0,2,28,165,1,2,2,0,22,37,254,1,0,2,20,60,1,0,0,0
21,32,280,4,1,2,33,136,1,1,2,0,22,36,162,1,1,6,22,86,1,0,1,0
29,40,188,0,1,3,26,134,2,0,0,0,20,26,312,3,0,1,23,74,1,2,2,0
31,47,334,1,1,2,29,90,1,2,2,0,14,21,133,1,0,1,27,126,0,3,4,0
34,56,409,2,1,3,21,82,2,2,2,0,19,30,217,1,0,3,34,189,2,2,2,0
22,32,228,1,0,4,28,163,1,5,5,0,34,46,320,2,1,1,22,87,1,3,3,0
26,38,294,2,1,2,33,89,1,2,3,0,11,22,80,0,2,4,17,48,1,0,0,0
15,24,83,1,1,3,34,123,0,2,2,1,19,30,179,2,3,5,20,69,0,1,1,0
19,21,199,1,1,2,34,156,3,1,1,0,18,29,220,2,1,1,28,82,1,0,1,0
22,36,245,1,2,3,26,109,0,3,3,1,19,30,270,2,1,1,29,101,1,2,2,0
29,36,371,3,2,3,21,103,1,2,2,0,22,32,242,3,0,1,27,177,0,2,3,1
26,34,302,2,0,3,30,96,0,3,3,0,14,33,114,1,2,1,16,75,0,0,2,1
17,33,171,2,1,1,30,143,3,0,1,0,25,44,145,0,1,6,20,71,0,0,0,0
22,30,159,0,0,3,24,101,2,4,4,0,19,33,184,0,4,4,31,152,0,2,3,0
12,24,177,0,0,2,29,151,1,1,2,0,22,30,189,1,0,0,38,117,1,1,1,0
27,40,292,1,1,2,14,39,1,1,1,0,28,37,373,2,0,2,25,52,0,4,4,0
24,31,343,3,1,0,18,62,1,0,0,1,18,26,230,1,2,1,41,251,3,1,1,1
23,27,221,0,1,2,31,198,2,2,2,0,31,41,313,1,2,2,19,95,0,3,4,0
27,40,320,0,0,3,40,212,3,4,5,0,22,31,320,2,0,3,18,77,2,1,1,0
35,48,293,2,3,1,20,55,1,1,1,0,24,36,259,5,0,3,21,82,0,0,0,2
26,36,236,2,1,1,19,108,0,1,1,0,22,27,227,4,0,3,31,96,1,0,0,0
23,34,290,0,0,3,33,117,3,1,1,0,19,28,151,1,0,4,17,42,0,1,1,0
33,44,359,4,0,0,33,122,1,3,3,0,14,24,212,2,2,1,25,78,1,0,0,0
6,20,1,0,0,9,13,46,0,2,2,0,19,31,203,1,0,5,42,215,1,4,4,0
19,25,223,0,0,2,37,120,2,4,4,0,19,35,119,0,2,5,13,43,0,0,0,0
22,31,192,0,0,2,27,93,2,1,1,0,16,31,271,1,1,4,22,116,0,4,5,0
28,34,316,0,1,0,30,91,3,1,2,1,22,34,202,1,2,3,29,159,1,0,0,1
27,44,251,3,2,2,30,186,0,1,1,0,26,38,275,4,0,1,22,77,0,1,1,0
30,38,313,3,0,1,34,140,0,3,3,0,23,32,283,1,0,2,18,106,1,1,2,0
13,21,110,2,0,3,38,142,1,0,2,1,30,51,251,1,3,2,17,49,0,2,2,0
27,36,227,2,0,3,20,69,0,1,1,0,24,35,246,0,0,2,27,100,1,2,2,0
19,37,178,0,0,2,18,87,1,3,4,0,18,27,188,3,2,1,37,180,0,1,1,0
14,18,172,3,1,0,24,96,0,1,1,0,38,58,297,1,2,4,15,45,0,1,2,0
32,49,197,0,0,2,27,133,2,2,3,1,26,43,357,2,1,3,35,140,1,3,3,0
27,38,331,4,0,1,24,76,0,2,2,0,41,55,411,1,0,3,13,35,2,1,2,0
23,33,253,2,0,1,25,100,1,3,3,0,25,40,231,2,1,4,21,67,2,0,0,0
21,26,220,3,0,4,41,160,2,0,0,1,25,39,303,2,2,2,12,64,0,0,0,1
25,32,342,2,0,1,22,78,1,1,2,0,17,24,202,0,0,1,30,139,3,0,0,0
25,42,275,4,0,1,28,99,0,1,1,0,23,33,290,3,0,1,28,122,1,1,1,1
21,31,251,2,1,1,40,199,2,4,4,0,11,21,61,0,4,3,18,48,0,0,0,0
11,17,185,0,1,1,39,188,3,1,1,0,24,38,261,2,0,4,25,90,0,0,0,0
26,39,266,2,2,5,24,113,2,0,1,0,14,22,188,4,0,0,34,245,1,1,1,0
19,37,148,1,1,5,17,106,0,0,0,0,22,37,304,1,0,3,30,102,1,3,3,0
20,36,236,2,0,3,33,131,1,2,2,0,26,40,220,1,1,2,16,62,1,1,1,0
24,32,210,2,0,2,33,139,1,2,2,0,20,30,168,2,0,3,16,35,0,1,1,0
15,33,143,0,0,3,38,184,1,2,2,0,20,38,190,1,1,2,23,65,0,0,0,0
19,26,235,1,1,0,39,170,2,0,1,0,28,40,402,2,1,0,20,83,1,2,3,0
33,42,295,2,1,4,8,-1,0,1,2,0,22,43,261,0,0,1,30,120,1,4,5,0
21,34,289,2,1,1,25,66,1,2,2,0,30,49,253,1,0,7,37,177,1,3,4,0
24,30,271,5,1,1,32,200,1,0,0,0,32,48,358,2,0,3,19,103,1,3,3,0
24,32,249,2,0,3,40,216,2,3,3,0,26,41,280,2,1,0,23,121,0,2,3,0
16,23,129,2,0,3,28,105,2,0,0,0,23,41,314,3,1,2,29,143,0,0,1,0
21,34,165,2,1,4,18,48,0,0,1,0,25,39,212,3,0,2,34,168,1,0,0,0
25,37,358,1,1,1,29,118,2,2,2,0,21,33,262,2,2,2,25,92,0,1,2,0
33,46,342,2,0,0,29,108,1,2,2,0,19,32,166,0,1,2,18,64,2,2,2,0
21,37,158,1,3,3,30,109,0,3,3,0,22,37,182,0,1,2,22,91,2,2,2,0
26,38,264,2,2,3,24,103,1,0,2,0,27,39,333,2,1,2,22,133,0,4,7,0
22,31,210,1,0,2,27,94,1,1,2,0,15,29,186,0,1,2,28,152,1,1,1,0
23,33,314,3,1,2,39,201,1,3,3,1,21,39,294,1,2,0,25,73,1,2,3,0
21,29,293,3,0,3,24,67,0,1,2,0,23,30,226,1,1,1,30,126,1,4,4,0
23,33,256,1,1,2,31,198,2,0,1,0,14,22,184,1,0,3,36,184,3,1,1,1
15,26,315,3,0,0,28,121,1,1,1,1,33,54,272,2,2,2,23,120,0,2,2,0
21,35,180,0,1,4,24,108,1,3,3,0,25,34,264,1,1,2,28,120,0,4,5,0
24,38,268,2,1,2,18,106,0,2,2,0,15,25,244,2,0,1,35,147,1,2,2,0
13,21,109,1,0,2,37,143,1,2,2,0,22,35,188,0,1,3,22,71,1,1,1,0
23,32,301,2,0,1,35,230,3,2,2,0,26,43,381,4,0,2,23,112,3,0,0,0
27,39,262,2,1,3,9,39,0,1,1,0,33,44,437,5,0,2,25,121,1,1,2,0
15,30,271,4,1,2,23,98,1,0,0,0,20,41,242,0,2,2,33,131,2,3,3,0
25,35,390,2,0,2,26,123,1,2,4,0,37,43,437,4,0,2,25,86,0,1,1,0
12,26,113,1,1,2,19,100,2,0,1,0,34,42,297,2,1,0,31,102,2,0,0,0
17,41,188,1,1,4,23,118,1,2,2,1,33,48,373,3,0,0,36,198,1,3,5,0
16,27,137,1,1,4,26,140,1,0,0,0,17,23,169,2,0,3,31,154,1,1,1,0
20,31,217,2,1,5,19,73,0,0,0,0,20,30,208,4,0,2,37,144,0,3,3,0
11,20,214,2,0,2,26,174,2,1,1,0,29,43,229,0,2,2,29,124,0,1,1,0
35,49,309,3,3,5,23,112,0,1,1,0,18,27,340,2,0,2,23,86,2,2,3,0
20,30,256,4,1,2,36,142,0,2,2,0,28,42,192,0,1,1,18,36,1,1,1,0
25,41,312,1,0,2,19,84,1,3,3,0,34,48,354,2,1,0,20,77,0,2,3,0
36,51,445,3,1,0,31,122,0,3,4,1,15,21,215,2,1,2,27,120,2,0,0,0
29,51,201,0,3,4,18,60,1,1,1,0,22,30,234,4,2,2,34,131,1,1,1,0
29,40,226,1,0,1,30,119,1,3,3,0,23,32,165,1,0,5,27,144,1,2,2,0
19,27,140,1,2,3,38,187,3,2,2,0,22,39,182,1,1,2,12,26,0,0,0,0
32,47,390,2,2,3,28,109,2,1,1,0,24,39,182,1,1,0,19,94,0,2,3,0
35,47,335,3,1,3,23,82,0,3,3,0,18,29,216,0,1,0,22,146,4,2,2,0
21,33,194,1,0,1,33,182,1,1,2,0,23,33,182,2,1,2,14,41,0,0,0,0
20,28,225,3,1,4,37,172,1,1,1,0,23,32,118,0,0,2,15,42,0,1,1,0
27,35,247,3,0,3,15,57,0,1,2,0,25,37,235,1,1,4,29,195,0,1,2,0
25,40,325,2,1,1,22,72,1,3,3,0,32,40,281,4,2,1,29,132,0,0,1,0
28,41,403,3,0,1,32,148,4,2,2,0,26,42,237,1,2,2,17,62,1,0,1,0
19,39,117,0,1,6,17,56,0,1,1,0,24,34,199,1,0,2,31,103,1,3,3,0
31,51,257,0,1,4,13,77,0,1,2,0,22,28,266,2,1,1,35,103,1,2,2,0
18,34,223,2,0,2,32,135,1,0,0,0,31,34,323,2,1,0,29,119,2,2,2,0
23,37,278,1,2,2,28,137,0,4,4,0,28,41,327,3,0,1,19,47,0,2,2,0
23,38,409,3,1,1,24,111,2,2,2,0,20,42,278,1,0,5,24,115,1,1,1,0
17,26,147,2,0,1,33,148,2,1,1,0,16,27,169,1,2,2,24,111,1,2,2,0
22,32,168,0,3,4,29,143,0,1,1,0,22,39,226,4,0,0,31,182,1,1,2,0
19,35,210,1,0,2,31,94,0,2,2,0,12,22,129,1,0,5,28,90,0,1,3,0
22,33,260,0,2,2,20,74,3,0,0,0,22,37,184,2,0,1,34,151,1,1,1,0
20,27,131,1,2,3,20,82,0,2,3,0,13,25,129,0,0,0,47,203,1,4,4,0
29,43,249,2,0,0,23,102,1,2,2,0,21,39,194,0,1,2,23,68,1,1,2,0
19,27,148,1,1,4,36,176,1,3,3,0,17,28,322,0,0,0,26,145,3,4,5,0
20,31,210,0,0,4,23,96,1,1,1,0,22,35,255,1,0,2,32,115,1,1,1,0
27,51,224,3,2,1,20,83,1,1,1,0,23,34,247,3,2,3,31,93,0,2,2,1
19,26,190,1,0,4,21,83,1,1,2,0,24,39,230,1,2,5,24,112,0,1,3,0
25,34,171,0,0,6,18,57,1,0,1,0,11,16,114,0,0,0,46,236,4,3,3,1
29,39,279,2,1,5,14,44,1,0,1,0,22,34,302,3,0,1,31,165,2,1,1,0
25,41,341,2,1,3,24,78,0,2,3,0,23,36,177,1,0,1,24,101,0,3,3,0
22,39,209,2,0,1,32,152,1,3,3,1,28,41,350,4,2,3,14,71,0,0,0,0
22,35,277,3,1,3,16,41,1,1,1,0,39,49,414,3,2,2,27,97,1,2,3,0
18,35,210,0,0,1,39,142,1,4,4,1,18,35,206,2,2,3,20,163,1,1,1,0
32,54,227,1,1,1,19,82,0,0,0,0,20,24,160,2,0,3,25,69,1,1,1,1
29,48,261,1,1,2,27,107,1,2,2,0,23,33,228,2,1,3,20,72,0,1,1,0
22,30,272,3,0,1,30,260,3,1,1,0,34,52,398,4,1,2,21,88,0,1,1,0
16,33,162,0,3,1,23,78,0,2,2,0,12,18,122,1,1,2,39,151,1,1,2,1
29,42,263,0,2,5,23,85,2,1,1,0,14,21,208,2,0,2,23,153,2,2,3,1
19,39,212,2,1,2,16,78,0,0,0,0,19,28,217,1,0,4,41,190,2,3,4,0
31,47,229,0,2,4,14,72,0,2,2,0,17,28,139,0,0,2,27,79,0,3,4,0
19,34,179,1,1,1,25,122,0,0,2,0,20,37,160,1,0,1,25,77,0,2,2,0
24,44,199,0,3,5,18,73,0,3,3,0,26,43,215,1,2,4,25,47,1,1,1,0
23,30,332,2,0,2,25,34,1,2,2,0,27,43,267,2,0,1,25,109,1,2,2,0
15,20,98,1,0,3,31,149,0,3,3,1,30,46,286,1,2,1,20,117,0,3,4,0
11,17,155,1,0,1,39,176,2,1,1,0,32,38,356,2,0,0,27,89,1,2,2,0
19,27,125,1,1,3,26,69,2,0,0,1,31,48,253,1,2,5,21,94,0,3,3,0
17,28,187,2,0,0,24,131,1,1,1,1,27,41,253,3,2,3,45,247,1,2,2,0
23,27,274,1,0,2,39,163,3,1,1,0,28,40,298,2,1,5,11,39,0,1,1,0
17,29,278,1,1,3,26,136,1,2,3,1,21,30,175,2,0,4,32,105,1,3,3,0
19,36,290,0,0,4,22,60,1,3,3,1,26,43,210,1,1,4,23,94,0,1,2,0
22,34,168,0,0,1,27,127,1,3,3,1,16,35,152,0,0,3,24,179,2,1,2,0
25,33,175,1,1,0,37,166,2,4,4,0,17,29,104,0,1,4,20,65,1,1,1,0
10,27,111,0,3,2,24,103,0,1,1,0,28,35,317,2,0,0,37,114,3,0,0,1
22,36,212,0,0,1,18,96,1,2,3,0,16,23,170,2,1,2,39,216,0,3,3,1
23,37,287,0,1,1,32,106,2,1,2,0,20,40,133,0,2,3,16,75,0,0,0,0
19,33,118,1,1,5,20,99,0,0,0,0,22,26,268,4,0,2,34,184,2,1,1,0
21,28,350,2,1,2,24,139,4,1,1,0,27,47,296,1,4,1,22,70,1,1,1,0
21,36,287,2,0,4,21,86,1,1,1,0,19,27,198,1,0,2,29,66,1,3,3,0
14,25,77,0,0,4,39,229,2,1,2,0,30,50,242,1,1,0,31,145,0,3,3,0
36,51,422,5,0,0,25,94,0,2,3,0,25,35,249,2,1,2,14,50,0,0,0,0
25,37,278,2,0,2,33,103,1,2,2,0,20,34,171,1,1,2,19,82,1,2,2,0
23,34,220,2,2,0,13,53,0,2,2,0,26,32,226,1,0,5,34,94,2,3,3,0
27,42,226,1,2,2,10,52,0,1,1,0,15,19,179,2,0,1,44,156,1,1,1,1
20,32,125,0,4,4,16,40,0,0,1,0,22,26,174,1,1,3,30,134,0,4,4,1
24,40,220,2,3,1,13,91,0,0,2,0,11,20,106,1,0,0,46,264,4,2,2,0
21,27,186,2,0,1,21,111,1,0,0,0,16,22,179,3,0,3,40,190,0,2,2,0
15,34,261,2,0,3,20,92,0,0,1,0,26,36,176,0,1,6,34,123,1,3,3,0
15,29,165,1,2,1,36,184,1,0,1,0,15,23,77,0,2,0,23,168,1,1,1,0
16,25,146,0,0,3,16,54,1,1,1,0,16,22,162,2,0,2,42,171,1,3,3,0
28,43,194,0,2,5,16,82,0,3,3,0,23,37,244,0,1,3,26,126,2,2,3,0
23,33,372,4,0,2,19,95,0,1,2,0,24,35,318,3,0,2,29,90,1,2,2,0
27,34,273,2,1,0,33,115,1,1,2,0,24,39,278,2,0,2,18,102,0,1,3,0
14,24,107,0,0,0,38,83,2,3,3,0,35,52,317,1,4,2,25,103,0,0,0,1
22,40,214,3,2,0,22,109,1,1,1,0,13,24,138,0,0,3,50,242,3,4,4,1
20,29,129,1,0,3,38,159,2,4,4,0,19,27,206,1,1,2,18,72,0,2,2,0
28,44,245,3,0,3,18,55,1,3,3,0,30,41,374,3,1,2,26,159,2,2,2,0
35,44,318,2,0,2,33,95,1,1,3,0,14,26,180,0,0,4,19,86,1,2,2,0
23,39,149,1,2,2,13,66,0,1,1,0,32,48,308,2,1,1,27,94,1,3,3,0
32,47,373,2,0,1,20,64,1,2,3,1,24,39,366,1,0,3,35,143,2,5,5,0
24,39,310,1,1,1,29,68,0,3,4,0,21,25,163,2,0,1,19,76,0,0,0,0
23,28,248,4,2,2,32,113,0,1,1,0,17,30,146,1,1,2,25,44,0,0,0,0
20,25,172,1,1,2,38,198,3,2,2,1,24,41,250,1,2,3,15,51,0,1,1,0
27,44,285,3,2,3,20,107,1,1,1,0,25,34,217,1,1,2,27,142,4,1,1,0
15,25,155,1,1,1,33,147,2,0,0,1,28,44,285,2,2,3,17,72,0,0,1,0
28,45,307,2,0,1,32,92,1,3,4,1,21,39,285,3,1,2,20,68,0,2,2,0
17,26,106,2,1,5,24,96,0,0,1,0,14,24,109,0,1,4,34,157,2,2,3,0
19,29,183,1,1,1,29,149,2,0,0,0,23,42,216,1,1,1,28,141,0,2,2,0
10,31,134,0,3,5,18,64,1,1,1,0,27,31,204,1,0,2,39,111,2,2,2,1
23,32,289,2,0,2,24,105,1,5,6,0,11,21,85,1,1,2,39,270,1,0,1,0
19,30,194,1,0,1,27,70,0,2,3,0,14,31,124,0,3,1,33,208,1,0,0,0
18,37,222,1,0,3,17,40,0,1,2,0,20,32,155,1,4,2,43,148,0,3,3,0
21,33,256,2,1,1,18,67,1,0,0,1,17,26,215,1,1,2,39,208,3,2,3,0
20,31,233,2,0,2,12,34,0,0,0,0,27,35,219,1,1,1,43,152,1,1,1,0
26,40,231,1,1,1,24,146,1,2,2,1,19,41,252,2,4,2,26,153,0,1,2,0
30,41,259,0,0,5,23,121,1,1,1,1,38,51,368,4,1,0,17,57,0,1,1,0
26,41,217,2,4,3,27,112,1,0,0,0,11,15,120,2,0,1,35,137,2,2,2,0
24,40,260,1,2,6,25,96,2,1,1,0,26,35,284,3,1,4,22,79,1,2,2,1
25,41,272,3,1,3,27,100,0,3,3,0,30,41,326,2,0,3,27,100,1,3,3,0
16,22,151,1,0,1,48,238,3,1,2,0,11,27,57,0,1,4,19,84,0,0,0,0
22,40,250,1,2,1,31,154,0,1,1,0,15,29,178,0,1,1,24,89,1,3,3,1
30,41,229,2,0,2,25,68,0,2,3,0,23,44,159,0,1,3,17,91,0,3,4,0
23,38,211,2,1,2,17,70,1,0,0,0,20,25,233,2,0,2,41,185,1,4,4,0
21,31,236,2,0,1,25,85,0,2,2,0,23,37,219,1,1,7,25,107,1,2,2,0
28,38,234,0,0,2,16,76,1,3,3,0,23,30,186,2,1,1,30,112,0,1,1,0
16,28,136,0,0,2,25,61,1,0,0,0,26,38,290,3,0,1,27,128,1,3,3,0
30,37,181,2,1,4,27,146,2,0,1,0,20,30,294,2,2,1,25,71,1,1,1,0
15,30,131,1,0,2,25,99,0,1,2,0,2,3,19,0,0,0,46,222,1,2,2,0
14,31,216,2,2,0,36,242,2,3,4,0,28,40,269,3,1,5,24,106,1,0,1,0
19,28,190,1,0,0,36,128,1,3,3,1,21,35,243,1,2,1,26,91,2,0,0,0
25,34,311,2,0,5,26,86,0,3,4,0,27,41,255,2,0,5,23,100,1,2,3,0
22,32,190,2,1,0,29,100,0,1,2,1,31,42,271,1,0,4,23,118,1,3,3,0
18,25,174,2,0,1,39,184,3,1,1,0,24,39,198,1,1,2,21,118,0,1,1,0
18,33,210,2,2,2,23,137,0,3,3,1,29,37,320,4,0,3,24,119,1,1,1,1
33,49,317,1,0,2,25,63,0,2,2,0,17,28,260,2,0,0,29,193,2,2,2,0
20,24,240,2,0,3,30,132,3,2,2,1,33,45,246,1,1,4,12,44,0,1,1,0
15,21,141,0,0,3,44,203,3,3,3,0,19,42,178,0,0,3,17,78,0,3,3,0
24,40,184,0,4,3,8,8,0,0,0,0,20,31,161,0,0,4,34,102,2,2,3,0
17,37,181,2,1,2,26,135,1,0,0,0,23,31,271,3,0,2,37,152,1,3,3,0
36,54,293,2,1,3,19,173,1,2,2,0,31,46,351,2,0,2,29,137,2,2,2,0
22,39,201,1,2,4,35,122,0,4,4,1,15,34,124,1,1,5,23,100,1,0,0,1
32,49,344,0,2,4,22,103,2,3,3,0,23,30,267,3,0,3,21,89,0,3,3,0
31,47,410,3,1,1,20,86,1,2,2,0,22,39,236,2,1,0,39,192,2,0,0,0
5,12,49,1,1,1,39,226,1,2,3,1,26,45,284,2,2,1,19,81,0,1,1,0
19,34,193,3,1,4,27,119,1,1,1,0,18,38,124,1,1,4,29,151,1,0,0,0
15,22,136,1,0,3,26,113,0,3,3,0,18,34,159,1,0,3,34,133,0,1,2,0
29,50,293,1,1,2,21,105,0,2,2,0,21,26,212,3,0,2,34,126,0,3,3,0
19,30,206,2,1,1,26,75,0,3,3,1,22,38,189,0,0,3,25,107,1,3,3,0
16,27,196,2,2,1,42,183,2,1,1,0,13,24,126,0,0,6,24,102,2,1,1,1
28,37,203,1,0,3,30,125,1,3,3,0,19,36,178,0,3,1,24,124,0,2,2,0
23,32,117,0,1,4,42,201,1,2,2,0,16,25,133,0,0,3,17,35,1,4,5,0
23,31,250,3,0,3,25,96,1,1,1,0,28,40,211,2,0,1,26,143,2,1,1,0
19,32,213,1,0,3,23,62,0,2,2,0,18,24,235,1,0,0,32,162,3,1,1,0
13,27,151,0,0,2,31,61,0,3,3,0,26,48,184,0,1,4,21,118,0,0,1,0
26,39,255,1,0,3,28,115,0,1,2,0,12,24,61,2,1,4,33,132,0,1,1,0
20,30,147,1,0,0,24,89,1,0,1,0,25,38,230,1,1,2,25,98,0,3,3,0
20,26,281,1,1,3,41,238,2,2,2,0,20,31,174,0,0,2,21,63,2,1,1,0
21,29,209,2,1,4,29,123,0,2,2,0,17,31,134,0,1,3,19,80,1,1,1,0
22,30,188,1,0,4,24,90,1,2,2,0,26,35,306,1,2,2,21,83,1,1,1,0
18,28,220,2,0,2,33,126,0,2,3,0,27,43,245,1,0,0,21,133,1,1,3,0
21,36,189,2,4,5,25,219,1,1,1,0,24,34,202,3,0,0,24,109,0,1,1,0
18,24,207,1,0,3,18,47,1,2,2,0,25,35,208,1,1,0,33,130,0,3,3,0
22,45,206,0,1,7,15,67,0,2,2,0,18,31,232,1,0,0,31,159,2,4,4,0
37,46,498,4,0,3,21,77,1,2,3,0,28,40,295,2,1,1,16,39,1,0,0,0
30,42,389,5,0,3,28,108,1,0,0,2,15,32,172,2,2,5,20,85,0,0,0,0
21,27,248,2,0,1,36,189,2,2,3,1,27,35,328,1,2,1,21,89,2,3,3,0
23,30,254,3,0,2,35,127,1,3,4,0,28,43,173,1,1,2,25,130,0,1,2,0
27,38,295,1,1,3,22,66,1,3,3,0,21,37,197,1,3,0,33,159,1,3,3,1
30,47,314,3,0,0,28,114,1,2,2,0,14,32,139,0,2,1,27,149,3,0,0,0
26,39,252,0,0,1,31,132,1,3,3,1,14,22,100,1,0,1,36,273,1,2,2,1
23,44,108,1,2,2,27,84,0,1,1,0,17,29,194,2,0,1,30,130,1,2,3,1
15,22,140,0,0,2,16,18,1,2,3,0,20,25,182,1,1,2,40,160,1,1,1,0
24,35,229,1,0,4,30,88,2,1,1,0,16,27,161,2,0,2,24,170,1,1,2,0
19,26,173,1,1,3,30,86,0,2,3,1,12,20,81,0,2,8,23,83,0,1,1,0
13,23,169,0,0,5,22,96,1,2,2,0,11,26,118,0,3,1,44,233,4,0,0,0
18,36,162,1,2,2,27,87,2,2,2,0,4,11,-6,0,2,4,40,161,0,1,1,0
30,40,415,4,0,4,19,60,0,2,2,0,26,35,259,2,0,0,23,155,2,1,1,0
16,27,140,1,0,1,26,122,1,2,2,0,24,32,241,1,2,2,27,85,1,3,3,0
27,39,272,2,0,1,32,127,0,4,4,0,25,39,256,3,0,1,17,45,0,0,1,0
31,42,307,2,0,0,32,174,2,3,3,0,24,39,179,1,0,2,11,27,0,1,1,0
17,26,90,0,1,7,26,88,1,1,2,0,17,28,207,1,0,2,28,73,0,4,4,0
17,27,173,1,3,2,17,80,0,1,1,0,25,34,290,3,0,0,36,181,4,1,1,0
19,33,224,1,0,1,26,150,2,1,1,0,34,50,405,3,1,1,21,62,0,2,2,0
18,39,182,0,1,4,16,74,0,1,2,0,13,18,110,2,0,1,40,198,2,2,2,0
26,35,300,2,2,1,20,73,1,0,1,0,20,32,162,0,1,5,32,165,0,4,4,1
19,28,236,1,0,1,27,83,0,2,2,0,22,31,237,2,0,0,35,104,1,2,2,1
22,37,262,2,3,0,22,95,2,0,1,0,20,29,232,4,0,1,41,265,2,3,3,0
21,32,136,1,1,3,27,86,0,0,1,0,16,23,241,2,1,1,37,175,0,3,3,0
17,26,212,0,0,1,34,118,2,2,2,0,27,36,218,0,1,3,22,94,1,3,3,0
16,38,139,2,2,9,20,93,0,0,0,0,24,46,109,1,1,2,31,190,1,4,4,0
13,25,173,0,0,1,28,191,3,1,1,0,27,44,255,2,0,1,29,135,0,2,2,1
22,28,304,5,0,1,32,171,2,1,1,0,20,34,166,2,1,3,33,149,1,2,2,0
20,33,195,1,1,3,12,62,1,2,2,0,16,24,174,3,0,1,46,195,0,3,4,0
25,46,254,2,0,0,33,170,1,2,2,0,7,20,5,1,0,9,17,48,0,1,1,0
15,29,103,1,0,4,18,79,0,1,1,1,17,24,171,2,1,1,41,205,1,0,0,0
28,39,187,1,0,5,28,118,1,3,3,1,15,26,229,3,1,1,30,202,2,1,1,0
22,32,305,3,0,1,26,99,1,3,3,0,24,35,256,3,2,4,27,122,1,1,1,0
23,33,289,3,0,2,21,64,0,1,1,0,23,32,281,4,0,1,32,124,0,0,1,0
17,29,139,1,1,6,18,94,0,1,1,0,23,32,217,2,0,1,31,101,0,4,4,0
15,22,103,1,0,1,43,195,1,2,2,2,20,30,245,1,1,2,27,134,2,1,1,0
33,48,266,1,2,7,25,90,0,3,3,0,14,22,227,3,0,3,22,104,0,1,1,1
15,31,83,1,2,3,25,94,0,0,0,0,9,18,99,0,0,3,37,226,1,3,3,1
21,37,172,2,0,3,34,174,1,5,5,0,34,64,355,3,1,3,21,85,1,1,2,0
21,32,201,3,2,5,27,64,0,1,1,0,24,33,314,2,2,3,31,135,1,2,2,0
30,44,235,1,1,1,30,79,0,3,3,0,16,32,132,0,2,3,36,249,1,2,2,0
29,43,207,2,1,2,26,110,0,1,1,0,29,39,324,3,0,1,20,85,2,2,3,0
21,25,308,5,0,0,29,174,2,0,0,0,24,38,216,2,2,3,20,89,0,1,1,0
24,34,225,2,0,2,25,83,0,4,4,0,29,54,282,1,1,3,14,103,0,4,4,0
24,44,230,1,1,5,21,77,1,1,1,0,16,25,172,0,1,0,38,169,2,3,3,0
31,40,372,6,1,3,22,106,0,0,0,0,29,44,201,2,0,2,20,56,0,0,0,1
23,43,244,1,2,2,17,95,1,0,0,0,29,37,243,2,0,4,31,106,2,1,1,0
19,34,122,0,2,2,18,61,1,1,1,0,14,18,235,2,0,1,38,140,1,2,2,1
20,29,196,0,0,5,20,67,1,1,2,0,11,19,106,0,1,4,29,106,0,2,2,1
28,37,280,0,1,9,18,65,1,4,4,0,15,24,213,1,3,1,27,140,1,1,1,0
27,37,313,4,0,2,24,109,1,0,0,0,33,44,370,3,0,2,27,182,2,3,4,0
28,38,355,2,0,2,30,73,1,3,4,0,30,54,308,1,1,3,14,51,2,2,3,0
23,38,243,2,1,1,27,116,0,4,4,0,26,39,236,3,2,4,24,139,0,1,1,0
31,45,326,2,1,2,29,70,0,2,3,0,16,30,232,2,1,0,20,50,0,1,1,0
23,34,226,2,0,7,20,79,0,2,2,0,26,41,270,3,2,2,23,43,0,1,1,0
